structureId;infoType;infoValue1;infoValue2;infoValue3;infoValue4;infoValue5
struct1;TITLE;Test structure;;;;
struct1;STRUCTURE_FILE;struct1/1uyd_m.pdb;;;;
struct1;METHOD;X-RAY DIFFRACTION;;;;
struct1;SOURCE;User;;;;
struct1;CREATED_BY;aValid3decisionUsername;;;;
struct1;RESOLUTION;2.2;;;;
struct1;LIGAND;CCCCn1c(Cc2cc(OC)c(OC)c(OC)c2Cl)nc3c(N)ncnc13;;;;
struct1;ANNOTATION;Comment;Test structure comment;;;
struct1;NEW_PROJECT;Project_001;New Project;New project description;;
struct1;UNIPROT_MAPPING;A;HS90A_HUMAN;016-224;;
struct1;LINKED_FILE;struct1/report1.txt;A report description;Project_001;;
struct1;LINKED_FILE;struct1/report2.txt;;All;;
struct1;LINKED_FILE;struct1/report3.txt;;None;;
struct1;STRUCTURE_RELATION;Parent;Derived;1uyd;Relation description;